-- ============================================================
-- DILIGO DMS - Sample Data & Seed Script
-- Distribution Management System
-- Version: 3.1 | PostgreSQL 16+
-- ============================================================

-- ============================================================
-- A. MASTER DATA - Organization
-- ============================================================

-- Org Units
INSERT INTO org_unit (id, code, name, parent_id, type) VALUES
    ('00000000-0000-0000-0000-000000000001', 'HQ', 'Headquarters', NULL, 'BRANCH'),
    ('00000000-0000-0000-0000-000000000002', 'NORTH', 'North Region', '00000000-0000-0000-0000-000000000001', 'BRANCH'),
    ('00000000-0000-0000-0000-000000000003', 'SOUTH', 'South Region', '00000000-0000-0000-0000-000000000001', 'BRANCH'),
    ('00000000-0000-0000-0000-000000000004', 'NORTH-T1', 'North Team 1', '00000000-0000-0000-0000-000000000002', 'TEAM'),
    ('00000000-0000-0000-0000-000000000005', 'NORTH-T2', 'North Team 2', '00000000-0000-0000-0000-000000000002', 'TEAM'),
    ('00000000-0000-0000-0000-000000000006', 'SOUTH-T1', 'South Team 1', '00000000-0000-0000-0000-000000000003', 'TEAM');

-- Employees
INSERT INTO employee (id, code, full_name, org_unit_id, email, phone, status) VALUES
    ('10000000-0000-0000-0000-000000000001', 'EMP001', 'Nguyen Van A', '00000000-0000-0000-0000-000000000004', 'nva@example.com', '0901234567', 'ACTIVE'),
    ('10000000-0000-0000-0000-000000000002', 'EMP002', 'Tran Thi B', '00000000-0000-0000-0000-000000000004', 'ttb@example.com', '0901234568', 'ACTIVE'),
    ('10000000-0000-0000-0000-000000000003', 'EMP003', 'Le Van C', '00000000-0000-0000-0000-000000000005', 'lvc@example.com', '0901234569', 'ACTIVE'),
    ('10000000-0000-0000-0000-000000000004', 'EMP004', 'Pham Thi D', '00000000-0000-0000-0000-000000000006', 'ptd@example.com', '0901234570', 'ACTIVE'),
    ('10000000-0000-0000-0000-000000000005', 'MGR001', 'Hoang Van E', '00000000-0000-0000-0000-000000000002', 'hve@example.com', '0901234571', 'ACTIVE');

-- User Accounts
INSERT INTO user_account (id, username, password_hash, employee_id, status) VALUES
    ('20000000-0000-0000-0000-000000000001', 'nva', '$2a$10$abcdefghijklmnopqrstuvwxyz123456', '10000000-0000-0000-0000-000000000001', 'ACTIVE'),
    ('20000000-0000-0000-0000-000000000002', 'ttb', '$2a$10$abcdefghijklmnopqrstuvwxyz123456', '10000000-0000-0000-0000-000000000002', 'ACTIVE'),
    ('20000000-0000-0000-0000-000000000003', 'lvc', '$2a$10$abcdefghijklmnopqrstuvwxyz123456', '10000000-0000-0000-0000-000000000003', 'ACTIVE'),
    ('20000000-0000-0000-0000-000000000004', 'ptd', '$2a$10$abcdefghijklmnopqrstuvwxyz123456', '10000000-0000-0000-0000-000000000004', 'ACTIVE'),
    ('20000000-0000-0000-0000-000000000005', 'hve', '$2a$10$abcdefghijklmnopqrstuvwxyz123456', '10000000-0000-0000-0000-000000000005', 'ACTIVE');

-- Roles
INSERT INTO role (id, code, name, description) VALUES
    ('30000000-0000-0000-0000-000000000001', 'ADMIN', 'System Administrator', 'Full system access'),
    ('30000000-0000-0000-0000-000000000002', 'MANAGER', 'Regional Manager', 'Manage region operations'),
    ('30000000-0000-0000-0000-000000000003', 'SALES_REP', 'Sales Representative', 'Field sales operations'),
    ('30000000-0000-0000-0000-000000000004', 'SUPERVISOR', 'Sales Supervisor', 'Supervise sales team');

-- Permissions
INSERT INTO permission (id, code, description, module) VALUES
    ('40000000-0000-0000-0000-000000000001', 'order.create', 'Create sales orders', 'SALES'),
    ('40000000-0000-0000-0000-000000000002', 'order.view', 'View sales orders', 'SALES'),
    ('40000000-0000-0000-0000-000000000003', 'order.approve', 'Approve sales orders', 'SALES'),
    ('40000000-0000-0000-0000-000000000004', 'order.cancel', 'Cancel sales orders', 'SALES'),
    ('40000000-0000-0000-0000-000000000005', 'customer.create', 'Create customers', 'CUSTOMER'),
    ('40000000-0000-0000-0000-000000000006', 'customer.view', 'View customers', 'CUSTOMER'),
    ('40000000-0000-0000-0000-000000000007', 'customer.edit', 'Edit customers', 'CUSTOMER'),
    ('40000000-0000-0000-0000-000000000008', 'inventory.view', 'View inventory', 'INVENTORY'),
    ('40000000-0000-0000-0000-000000000009', 'inventory.adjust', 'Adjust inventory', 'INVENTORY'),
    ('40000000-0000-0000-0000-000000000010', 'report.view', 'View reports', 'REPORT'),
    ('40000000-0000-0000-0000-000000000011', 'visit.create', 'Create visits', 'FIELD'),
    ('40000000-0000-0000-0000-000000000012', 'visit.view', 'View visits', 'FIELD');

-- Role Permissions
INSERT INTO role_permission (role_id, permission_id) VALUES
    -- Admin: All permissions
    ('30000000-0000-0000-0000-000000000001', '40000000-0000-0000-0000-000000000001'),
    ('30000000-0000-0000-0000-000000000001', '40000000-0000-0000-0000-000000000002'),
    ('30000000-0000-0000-0000-000000000001', '40000000-0000-0000-0000-000000000003'),
    ('30000000-0000-0000-0000-000000000001', '40000000-0000-0000-0000-000000000004'),
    ('30000000-0000-0000-0000-000000000001', '40000000-0000-0000-0000-000000000005'),
    ('30000000-0000-0000-0000-000000000001', '40000000-0000-0000-0000-000000000006'),
    ('30000000-0000-0000-0000-000000000001', '40000000-0000-0000-0000-000000000007'),
    ('30000000-0000-0000-0000-000000000001', '40000000-0000-0000-0000-000000000008'),
    ('30000000-0000-0000-0000-000000000001', '40000000-0000-0000-0000-000000000009'),
    ('30000000-0000-0000-0000-000000000001', '40000000-0000-0000-0000-000000000010'),
    ('30000000-0000-0000-0000-000000000001', '40000000-0000-0000-0000-000000000011'),
    ('30000000-0000-0000-0000-000000000001', '40000000-0000-0000-0000-000000000012'),
    -- Sales Rep: Basic permissions
    ('30000000-0000-0000-0000-000000000003', '40000000-0000-0000-0000-000000000001'),
    ('30000000-0000-0000-0000-000000000003', '40000000-0000-0000-0000-000000000002'),
    ('30000000-0000-0000-0000-000000000003', '40000000-0000-0000-0000-000000000006'),
    ('30000000-0000-0000-0000-000000000003', '40000000-0000-0000-0000-000000000008'),
    ('30000000-0000-0000-0000-000000000003', '40000000-0000-0000-0000-000000000011'),
    ('30000000-0000-0000-0000-000000000003', '40000000-0000-0000-0000-000000000012');

-- User Roles
INSERT INTO user_role (user_id, role_id) VALUES
    ('20000000-0000-0000-0000-000000000001', '30000000-0000-0000-0000-000000000003'),
    ('20000000-0000-0000-0000-000000000002', '30000000-0000-0000-0000-000000000003'),
    ('20000000-0000-0000-0000-000000000003', '30000000-0000-0000-0000-000000000003'),
    ('20000000-0000-0000-0000-000000000004', '30000000-0000-0000-0000-000000000003'),
    ('20000000-0000-0000-0000-000000000005', '30000000-0000-0000-0000-000000000002');

-- ============================================================
-- B. MASTER DATA - Territory
-- ============================================================

-- Regions
INSERT INTO region (id, code, name, parent_id, level) VALUES
    ('50000000-0000-0000-0000-000000000001', 'HN', 'Ha Noi', NULL, 1),
    ('50000000-0000-0000-0000-000000000002', 'HCM', 'Ho Chi Minh', NULL, 1),
    ('50000000-0000-0000-0000-000000000003', 'DN', 'Da Nang', NULL, 1);

-- Distributors
INSERT INTO distributor (id, code, name, tax_code, region_id, address, phone, status) VALUES
    ('60000000-0000-0000-0000-000000000001', 'NPP001', 'NPP Thanh Cong', '0123456789', '50000000-0000-0000-0000-000000000001', '123 Tran Hung Dao, Hoan Kiem, Ha Noi', '0241234567', 'ACTIVE'),
    ('60000000-0000-0000-0000-000000000002', 'NPP002', 'NPP Phat Dat', '0123456790', '50000000-0000-0000-0000-000000000002', '456 Nguyen Hue, Quan 1, HCM', '0281234567', 'ACTIVE'),
    ('60000000-0000-0000-0000-000000000003', 'NPP003', 'NPP Mien Trung', '0123456791', '50000000-0000-0000-0000-000000000003', '789 Le Duan, Hai Chau, Da Nang', '0236123456', 'ACTIVE');

-- Warehouses
INSERT INTO warehouse (id, code, name, distributor_id, type, address) VALUES
    ('70000000-0000-0000-0000-000000000001', 'WH001-MAIN', 'Kho Chinh NPP TC', '60000000-0000-0000-0000-000000000001', 'MAIN', '123 Tran Hung Dao, Hoan Kiem, Ha Noi'),
    ('70000000-0000-0000-0000-000000000002', 'WH001-VAN1', 'Kho Xe 1 NPP TC', '60000000-0000-0000-0000-000000000001', 'VAN_SALES', NULL),
    ('70000000-0000-0000-0000-000000000003', 'WH002-MAIN', 'Kho Chinh NPP PD', '60000000-0000-0000-0000-000000000002', 'MAIN', '456 Nguyen Hue, Quan 1, HCM'),
    ('70000000-0000-0000-0000-000000000004', 'WH003-MAIN', 'Kho Chinh NPP MT', '60000000-0000-0000-0000-000000000003', 'MAIN', '789 Le Duan, Hai Chau, Da Nang');

-- Routes
INSERT INTO route (id, code, name, distributor_id, status) VALUES
    ('80000000-0000-0000-0000-000000000001', 'R001', 'Tuyen Hoan Kiem 1', '60000000-0000-0000-0000-000000000001', 'ACTIVE'),
    ('80000000-0000-0000-0000-000000000002', 'R002', 'Tuyen Hoan Kiem 2', '60000000-0000-0000-0000-000000000001', 'ACTIVE'),
    ('80000000-0000-0000-0000-000000000003', 'R003', 'Tuyen Quan 1', '60000000-0000-0000-0000-000000000002', 'ACTIVE'),
    ('80000000-0000-0000-0000-000000000004', 'R004', 'Tuyen Hai Chau', '60000000-0000-0000-0000-000000000003', 'ACTIVE');

-- Route Assignments
INSERT INTO route_assignment (route_id, employee_id, start_date, is_primary) VALUES
    ('80000000-0000-0000-0000-000000000001', '10000000-0000-0000-0000-000000000001', '2024-01-01', TRUE),
    ('80000000-0000-0000-0000-000000000002', '10000000-0000-0000-0000-000000000002', '2024-01-01', TRUE),
    ('80000000-0000-0000-0000-000000000003', '10000000-0000-0000-0000-000000000003', '2024-01-01', TRUE),
    ('80000000-0000-0000-0000-000000000004', '10000000-0000-0000-0000-000000000004', '2024-01-01', TRUE);

-- ============================================================
-- C. MASTER DATA - Customer
-- ============================================================

-- Customer Groups
INSERT INTO customer_group (id, code, name, description) VALUES
    ('90000000-0000-0000-0000-000000000001', 'GT-A', 'GT Key Account', 'Traditional trade - Key accounts'),
    ('90000000-0000-0000-0000-000000000002', 'GT-B', 'GT Standard', 'Traditional trade - Standard outlets'),
    ('90000000-0000-0000-0000-000000000003', 'MT', 'Modern Trade', 'Supermarkets, convenience stores');

-- Customers
INSERT INTO customer (id, code, name, distributor_id, customer_group_id, channel, type, contact_name, phone, credit_limit, status) VALUES
    ('A0000000-0000-0000-0000-000000000001', 'KH001', 'Tap Hoa Thanh Binh', '60000000-0000-0000-0000-000000000001', '90000000-0000-0000-0000-000000000002', 'GT', 'GROCERY', 'Nguyen Van X', '0901111111', 10000000, 'ACTIVE'),
    ('A0000000-0000-0000-0000-000000000002', 'KH002', 'Sieu Thi Mini ABC', '60000000-0000-0000-0000-000000000001', '90000000-0000-0000-0000-000000000001', 'GT', 'GROCERY', 'Tran Thi Y', '0901111112', 20000000, 'ACTIVE'),
    ('A0000000-0000-0000-0000-000000000003', 'KH003', 'Cua Hang Tien Loi 247', '60000000-0000-0000-0000-000000000001', '90000000-0000-0000-0000-000000000003', 'MT', 'CONVENIENCE', 'Le Van Z', '0901111113', 50000000, 'ACTIVE'),
    ('A0000000-0000-0000-0000-000000000004', 'KH004', 'Tap Hoa Phu Quy', '60000000-0000-0000-0000-000000000002', '90000000-0000-0000-0000-000000000002', 'GT', 'GROCERY', 'Pham Thi W', '0901111114', 15000000, 'ACTIVE'),
    ('A0000000-0000-0000-0000-000000000005', 'KH005', 'Dai Ly Hoang Long', '60000000-0000-0000-0000-000000000002', '90000000-0000-0000-0000-000000000001', 'GT', 'GROCERY', 'Hoang Van V', '0901111115', 30000000, 'ACTIVE');

-- Customer Addresses
INSERT INTO customer_address (customer_id, address_type, address_line, ward_id, district_id, province_id, latitude, longitude, is_default) VALUES
    ('A0000000-0000-0000-0000-000000000001', 'BOTH', '10 Hang Dao, Hoan Kiem, Ha Noi', 'W001', 'D001', 'HN', 21.0341, 105.8518, TRUE),
    ('A0000000-0000-0000-0000-000000000002', 'BOTH', '25 Hang Bong, Hoan Kiem, Ha Noi', 'W002', 'D001', 'HN', 21.0312, 105.8489, TRUE),
    ('A0000000-0000-0000-0000-000000000003', 'BOTH', '50 Hang Gai, Hoan Kiem, Ha Noi', 'W003', 'D001', 'HN', 21.0305, 105.8510, TRUE),
    ('A0000000-0000-0000-0000-000000000004', 'BOTH', '123 Nguyen Trai, Quan 1, HCM', 'W010', 'D010', 'HCM', 10.7625, 106.6825, TRUE),
    ('A0000000-0000-0000-0000-000000000005', 'BOTH', '456 Le Loi, Quan 1, HCM', 'W011', 'D010', 'HCM', 10.7720, 106.6980, TRUE);

-- Customer Routes
INSERT INTO customer_route (customer_id, route_id, visit_frequency, visit_days, sequence_number, start_date) VALUES
    ('A0000000-0000-0000-0000-000000000001', '80000000-0000-0000-0000-000000000001', 'F4', ARRAY[2,4], 1, '2024-01-01'),
    ('A0000000-0000-0000-0000-000000000002', '80000000-0000-0000-0000-000000000001', 'F4', ARRAY[2,4], 2, '2024-01-01'),
    ('A0000000-0000-0000-0000-000000000003', '80000000-0000-0000-0000-000000000001', 'F8', ARRAY[2,4,6], 3, '2024-01-01'),
    ('A0000000-0000-0000-0000-000000000004', '80000000-0000-0000-0000-000000000003', 'F4', ARRAY[3,5], 1, '2024-01-01'),
    ('A0000000-0000-0000-0000-000000000005', '80000000-0000-0000-0000-000000000003', 'F4', ARRAY[3,5], 2, '2024-01-01');

-- ============================================================
-- D. MASTER DATA - Product
-- ============================================================

-- Brands
INSERT INTO brand (id, code, name, status) VALUES
    ('B0000000-0000-0000-0000-000000000001', 'DILIGO', 'Diligo', 'ACTIVE'),
    ('B0000000-0000-0000-0000-000000000002', 'PREMIUM', 'Diligo Premium', 'ACTIVE');

-- Product Categories
INSERT INTO product_category (id, code, name, parent_id, level) VALUES
    ('C0000000-0000-0000-0000-000000000001', 'BEVERAGE', 'Beverages', NULL, 1),
    ('C0000000-0000-0000-0000-000000000002', 'FOOD', 'Food', NULL, 1),
    ('C0000000-0000-0000-0000-000000000003', 'WATER', 'Water', 'C0000000-0000-0000-0000-000000000001', 2),
    ('C0000000-0000-0000-0000-000000000004', 'JUICE', 'Juice', 'C0000000-0000-0000-0000-000000000001', 2);

-- UOM
INSERT INTO uom (id, code, name) VALUES
    ('D0000000-0000-0000-0000-000000000001', 'THUNG', 'Thung'),
    ('D0000000-0000-0000-0000-000000000002', 'LOC', 'Loc'),
    ('D0000000-0000-0000-0000-000000000003', 'CHAI', 'Chai'),
    ('D0000000-0000-0000-0000-000000000004', 'LON', 'Lon'),
    ('D0000000-0000-0000-0000-000000000005', 'HOP', 'Hop');

-- Products
INSERT INTO product (id, code, name, short_name, brand_id, category_id, primary_uom_id, barcode, status) VALUES
    ('E0000000-0000-0000-0000-000000000001', 'SKU001', 'Nuoc Suoi Diligo 500ml', 'NS 500ml', 'B0000000-0000-0000-0000-000000000001', 'C0000000-0000-0000-0000-000000000003', 'D0000000-0000-0000-0000-000000000003', '8934567890001', 'ACTIVE'),
    ('E0000000-0000-0000-0000-000000000002', 'SKU002', 'Nuoc Suoi Diligo 1.5L', 'NS 1.5L', 'B0000000-0000-0000-0000-000000000001', 'C0000000-0000-0000-0000-000000000003', 'D0000000-0000-0000-0000-000000000003', '8934567890002', 'ACTIVE'),
    ('E0000000-0000-0000-0000-000000000003', 'SKU003', 'Nuoc Cam Diligo 350ml', 'NC 350ml', 'B0000000-0000-0000-0000-000000000001', 'C0000000-0000-0000-0000-000000000004', 'D0000000-0000-0000-0000-000000000004', '8934567890003', 'ACTIVE'),
    ('E0000000-0000-0000-0000-000000000004', 'SKU004', 'Nuoc Tao Diligo Premium 330ml', 'NT Pre 330ml', 'B0000000-0000-0000-0000-000000000002', 'C0000000-0000-0000-0000-000000000004', 'D0000000-0000-0000-0000-000000000004', '8934567890004', 'ACTIVE'),
    ('E0000000-0000-0000-0000-000000000005', 'SKU005', 'Tra Dao Diligo 500ml', 'TD 500ml', 'B0000000-0000-0000-0000-000000000001', 'C0000000-0000-0000-0000-000000000001', 'D0000000-0000-0000-0000-000000000003', '8934567890005', 'ACTIVE');

-- Product UOM Conversion
INSERT INTO product_uom_conversion (product_id, from_uom_id, to_uom_id, factor, is_base) VALUES
    -- SKU001: 1 Thung = 24 Chai
    ('E0000000-0000-0000-0000-000000000001', 'D0000000-0000-0000-0000-000000000001', 'D0000000-0000-0000-0000-000000000003', 24, FALSE),
    ('E0000000-0000-0000-0000-000000000001', 'D0000000-0000-0000-0000-000000000002', 'D0000000-0000-0000-0000-000000000003', 6, FALSE),
    -- SKU002: 1 Thung = 12 Chai
    ('E0000000-0000-0000-0000-000000000002', 'D0000000-0000-0000-0000-000000000001', 'D0000000-0000-0000-0000-000000000003', 12, FALSE),
    -- SKU003: 1 Thung = 24 Lon
    ('E0000000-0000-0000-0000-000000000003', 'D0000000-0000-0000-0000-000000000001', 'D0000000-0000-0000-0000-000000000004', 24, FALSE),
    ('E0000000-0000-0000-0000-000000000003', 'D0000000-0000-0000-0000-000000000002', 'D0000000-0000-0000-0000-000000000004', 6, FALSE);

-- ============================================================
-- E. PRICING DATA
-- ============================================================

-- Price List
INSERT INTO price_list (id, code, name, valid_from, valid_to, priority, status) VALUES
    ('F0000000-0000-0000-0000-000000000001', 'PL2024', 'Bang Gia 2024', '2024-01-01', '2024-12-31', 1, 'ACTIVE');

-- Price List Items
INSERT INTO price_list_item (price_list_id, product_id, uom_id, price, min_quantity) VALUES
    ('F0000000-0000-0000-0000-000000000001', 'E0000000-0000-0000-0000-000000000001', 'D0000000-0000-0000-0000-000000000003', 5000, 1),
    ('F0000000-0000-0000-0000-000000000001', 'E0000000-0000-0000-0000-000000000001', 'D0000000-0000-0000-0000-000000000001', 110000, 1),
    ('F0000000-0000-0000-0000-000000000001', 'E0000000-0000-0000-0000-000000000002', 'D0000000-0000-0000-0000-000000000003', 12000, 1),
    ('F0000000-0000-0000-0000-000000000001', 'E0000000-0000-0000-0000-000000000002', 'D0000000-0000-0000-0000-000000000001', 135000, 1),
    ('F0000000-0000-0000-0000-000000000001', 'E0000000-0000-0000-0000-000000000003', 'D0000000-0000-0000-0000-000000000004', 8000, 1),
    ('F0000000-0000-0000-0000-000000000001', 'E0000000-0000-0000-0000-000000000003', 'D0000000-0000-0000-0000-000000000001', 180000, 1),
    ('F0000000-0000-0000-0000-000000000001', 'E0000000-0000-0000-0000-000000000004', 'D0000000-0000-0000-0000-000000000004', 15000, 1),
    ('F0000000-0000-0000-0000-000000000001', 'E0000000-0000-0000-0000-000000000005', 'D0000000-0000-0000-0000-000000000003', 10000, 1);

-- ============================================================
-- F. INVENTORY DATA
-- ============================================================

-- Initial Inventory Balance
INSERT INTO inventory_balance (warehouse_id, product_id, quantity, reserved_quantity) VALUES
    ('70000000-0000-0000-0000-000000000001', 'E0000000-0000-0000-0000-000000000001', 1000, 0),
    ('70000000-0000-0000-0000-000000000001', 'E0000000-0000-0000-0000-000000000002', 500, 0),
    ('70000000-0000-0000-0000-000000000001', 'E0000000-0000-0000-0000-000000000003', 800, 0),
    ('70000000-0000-0000-0000-000000000001', 'E0000000-0000-0000-0000-000000000004', 300, 0),
    ('70000000-0000-0000-0000-000000000001', 'E0000000-0000-0000-0000-000000000005', 600, 0),
    ('70000000-0000-0000-0000-000000000003', 'E0000000-0000-0000-0000-000000000001', 800, 0),
    ('70000000-0000-0000-0000-000000000003', 'E0000000-0000-0000-0000-000000000002', 400, 0),
    ('70000000-0000-0000-0000-000000000003', 'E0000000-0000-0000-0000-000000000003', 600, 0);

-- ============================================================
-- G. KPI DATA
-- ============================================================

-- KPI Metrics
INSERT INTO kpi_metric (id, code, name, description, unit) VALUES
    ('G0000000-0000-0000-0000-000000000001', 'REVENUE', 'Revenue', 'Total sales revenue', 'VND'),
    ('G0000000-0000-0000-0000-000000000002', 'VISITS', 'Visits', 'Number of customer visits', 'COUNT'),
    ('G0000000-0000-0000-0000-000000000003', 'ORDERS', 'Orders', 'Number of orders created', 'COUNT'),
    ('G0000000-0000-0000-0000-000000000004', 'NEW_CUST', 'New Customers', 'Number of new customers', 'COUNT'),
    ('G0000000-0000-0000-0000-000000000005', 'STRIKE_RATE', 'Strike Rate', 'Orders / Visits ratio', 'PERCENT');

-- KPI Targets (Monthly for employees)
INSERT INTO kpi_target (metric_id, target_type, target_entity_id, period_type, period_start, period_end, target_value) VALUES
    -- Employee 1 targets for current month
    ('G0000000-0000-0000-0000-000000000001', 'EMPLOYEE', '10000000-0000-0000-0000-000000000001', 'MONTHLY', DATE_TRUNC('month', CURRENT_DATE), DATE_TRUNC('month', CURRENT_DATE) + INTERVAL '1 month' - INTERVAL '1 day', 100000000),
    ('G0000000-0000-0000-0000-000000000002', 'EMPLOYEE', '10000000-0000-0000-0000-000000000001', 'MONTHLY', DATE_TRUNC('month', CURRENT_DATE), DATE_TRUNC('month', CURRENT_DATE) + INTERVAL '1 month' - INTERVAL '1 day', 80),
    ('G0000000-0000-0000-0000-000000000003', 'EMPLOYEE', '10000000-0000-0000-0000-000000000001', 'MONTHLY', DATE_TRUNC('month', CURRENT_DATE), DATE_TRUNC('month', CURRENT_DATE) + INTERVAL '1 month' - INTERVAL '1 day', 60);

-- ============================================================
-- H. SYSTEM CONFIG
-- ============================================================

INSERT INTO system_config (key, value, value_type, description, is_public) VALUES
    ('app.version', '3.1.0', 'STRING', 'Application version', TRUE),
    ('order.auto_approve_limit', '5000000', 'NUMBER', 'Auto approve orders under this amount', FALSE),
    ('visit.check_in_radius', '100', 'NUMBER', 'Check-in radius in meters', FALSE),
    ('credit.block_threshold', '1.0', 'NUMBER', 'Block customer when outstanding >= credit_limit * threshold', FALSE),
    ('inventory.low_stock_threshold', '10', 'NUMBER', 'Low stock alert threshold', FALSE);
